oid,start,end,type,polygon,lanes
8b79b4d7e1c6d930f0e1ede1dc407d6b,10:00:00,12:00:00,car,"136.925955,36.713775,136.927843,36.71171,136.926212,36.711091,136.925955,36.713775",
